{
  "accuracy": 0.5511265164644714,
  "f1_macro": 0.24182510147422429,
  "f1_weighted": 0.396033520771275,
  "class_report": {
    "NEG": {
      "precision": 0.42857142857142855,
      "recall": 0.007653061224489796,
      "f1-score": 0.015037593984962405,
      "support": 392.0
    },
    "NEU": {
      "precision": 0.5518744551002616,
      "recall": 0.9968503937007874,
      "f1-score": 0.7104377104377104,
      "support": 635.0
    },
    "POS": {
      "precision": 0.0,
      "recall": 0.0,
      "f1-score": 0.0,
      "support": 127.0
    },
    "accuracy": 0.5511265164644714,
    "macro avg": {
      "precision": 0.32681529455723,
      "recall": 0.3348344849750924,
      "f1-score": 0.24182510147422429,
      "support": 1154.0
    },
    "weighted avg": {
      "precision": 0.4492550077891387,
      "recall": 0.5511265164644714,
      "f1-score": 0.396033520771275,
      "support": 1154.0
    }
  },
  "confusion_matrix": [
    [
      3,
      389,
      0
    ],
    [
      2,
      633,
      0
    ],
    [
      2,
      125,
      0
    ]
  ],
  "experiment_config": {
    "preprocessing_pipeline": "basic",
    "vectorization_method": "bow",
    "model_name": "svm",
    "use_dev_set": false,
    "use_hyperparameter_tuning": false,
    "handle_class_imbalance": false,
    "ngram_range": [
      1,
      2
    ],
    "execution_time": 14.709713220596313
  }
}