{
  "accuracy": 0.5944540727902946,
  "f1_macro": 0.4308386175704965,
  "f1_weighted": 0.5644150569422904,
  "class_report": {
    "NEG": {
      "precision": 0.5295774647887324,
      "recall": 0.47959183673469385,
      "f1-score": 0.5033467202141901,
      "support": 392.0
    },
    "NEU": {
      "precision": 0.6335483870967742,
      "recall": 0.7732283464566929,
      "f1-score": 0.6964539007092199,
      "support": 635.0
    },
    "POS": {
      "precision": 0.2916666666666667,
      "recall": 0.05511811023622047,
      "f1-score": 0.09271523178807947,
      "support": 127.0
    },
    "accuracy": 0.5944540727902946,
    "macro avg": {
      "precision": 0.4849308395173911,
      "recall": 0.43597943114253573,
      "f1-score": 0.4308386175704965,
      "support": 1154.0
    },
    "weighted avg": {
      "precision": 0.560605943388476,
      "recall": 0.5944540727902946,
      "f1-score": 0.5644150569422904,
      "support": 1154.0
    }
  },
  "confusion_matrix": [
    [
      188,
      200,
      4
    ],
    [
      131,
      491,
      13
    ],
    [
      36,
      84,
      7
    ]
  ],
  "experiment_config": {
    "preprocessing_pipeline": "full",
    "vectorization_method": "bow",
    "model_name": "naive_bayes",
    "use_dev_set": false,
    "use_hyperparameter_tuning": false,
    "handle_class_imbalance": false,
    "ngram_range": [
      1,
      2
    ],
    "execution_time": 34.922152280807495
  }
}