{
  "accuracy": 0.5233968804159446,
  "f1_macro": 0.39867179385964996,
  "f1_weighted": 0.5095963865679592,
  "class_report": {
    "NEG": {
      "precision": 0.43535620052770446,
      "recall": 0.42091836734693877,
      "f1-score": 0.4280155642023346,
      "support": 392.0
    },
    "NEU": {
      "precision": 0.603399433427762,
      "recall": 0.6708661417322834,
      "f1-score": 0.6353467561521253,
      "support": 635.0
    },
    "POS": {
      "precision": 0.18840579710144928,
      "recall": 0.10236220472440945,
      "f1-score": 0.1326530612244898,
      "support": 127.0
    },
    "accuracy": 0.5233968804159446,
    "macro avg": {
      "precision": 0.4090538103523052,
      "recall": 0.39804890460121056,
      "f1-score": 0.39867179385964996,
      "support": 1154.0
    },
    "weighted avg": {
      "precision": 0.500646279952663,
      "recall": 0.5233968804159446,
      "f1-score": 0.5095963865679592,
      "support": 1154.0
    }
  },
  "confusion_matrix": [
    [
      165,
      207,
      20
    ],
    [
      173,
      426,
      36
    ],
    [
      41,
      73,
      13
    ]
  ],
  "experiment_config": {
    "preprocessing_pipeline": "full",
    "vectorization_method": "bow",
    "model_name": "decision_tree",
    "use_dev_set": false,
    "use_hyperparameter_tuning": false,
    "handle_class_imbalance": false,
    "ngram_range": [
      1,
      2
    ],
    "execution_time": 33.208131074905396
  }
}