{
  "accuracy": 0.45233968804159447,
  "f1_macro": 0.31804224163502637,
  "f1_weighted": 0.4346667262037107,
  "class_report": {
    "NEG": {
      "precision": 0.34124087591240876,
      "recall": 0.4770408163265306,
      "f1-score": 0.39787234042553193,
      "support": 392.0
    },
    "NEU": {
      "precision": 0.5575959933222037,
      "recall": 0.525984251968504,
      "f1-score": 0.5413290113452188,
      "support": 635.0
    },
    "POS": {
      "precision": 0.14285714285714285,
      "recall": 0.007874015748031496,
      "f1-score": 0.014925373134328358,
      "support": 127.0
    },
    "accuracy": 0.45233968804159447,
    "macro avg": {
      "precision": 0.3472313373639184,
      "recall": 0.3369663613476887,
      "f1-score": 0.31804224163502637,
      "support": 1154.0
    },
    "weighted avg": {
      "precision": 0.43845991010409074,
      "recall": 0.45233968804159447,
      "f1-score": 0.4346667262037107,
      "support": 1154.0
    }
  },
  "confusion_matrix": [
    [
      187,
      204,
      1
    ],
    [
      296,
      334,
      5
    ],
    [
      65,
      61,
      1
    ]
  ],
  "experiment_config": {
    "preprocessing_pipeline": "basic",
    "vectorization_method": "bow",
    "model_name": "knn",
    "use_dev_set": false,
    "use_hyperparameter_tuning": false,
    "handle_class_imbalance": false,
    "ngram_range": [
      1,
      2
    ],
    "execution_time": 1.3695290088653564
  }
}