{
  "accuracy": 0.4965337954939341,
  "f1_macro": 0.3277039864966374,
  "f1_weighted": 0.46297755136576635,
  "class_report": {
    "NEG": {
      "precision": 0.37084398976982097,
      "recall": 0.36989795918367346,
      "f1-score": 0.37037037037037035,
      "support": 392.0
    },
    "NEU": {
      "precision": 0.5616797900262467,
      "recall": 0.6740157480314961,
      "f1-score": 0.6127415891195419,
      "support": 635.0
    },
    "POS": {
      "precision": 0.0,
      "recall": 0.0,
      "f1-score": 0.0,
      "support": 127.0
    },
    "accuracy": 0.4965337954939341,
    "macro avg": {
      "precision": 0.31084125993202255,
      "recall": 0.3479712357383899,
      "f1-score": 0.3277039864966374,
      "support": 1154.0
    },
    "weighted avg": {
      "precision": 0.43504117041285656,
      "recall": 0.4965337954939341,
      "f1-score": 0.46297755136576635,
      "support": 1154.0
    }
  },
  "confusion_matrix": [
    [
      145,
      247,
      0
    ],
    [
      206,
      428,
      1
    ],
    [
      40,
      87,
      0
    ]
  ],
  "experiment_config": {
    "preprocessing_pipeline": "full",
    "vectorization_method": "bow",
    "model_name": "knn",
    "use_dev_set": false,
    "use_hyperparameter_tuning": false,
    "handle_class_imbalance": false,
    "ngram_range": [
      1,
      2
    ],
    "execution_time": 32.71737623214722
  }
}