{
  "accuracy": 0.5771230502599654,
  "f1_macro": 0.32562632677869136,
  "f1_weighted": 0.479038372340267,
  "class_report": {
    "NEG": {
      "precision": 0.6185567010309279,
      "recall": 0.15306122448979592,
      "f1-score": 0.24539877300613497,
      "support": 392.0
    },
    "NEU": {
      "precision": 0.5734597156398105,
      "recall": 0.952755905511811,
      "f1-score": 0.7159763313609467,
      "support": 635.0
    },
    "POS": {
      "precision": 0.5,
      "recall": 0.007874015748031496,
      "f1-score": 0.015503875968992248,
      "support": 127.0
    },
    "accuracy": 0.5771230502599654,
    "macro avg": {
      "precision": 0.5640054722235794,
      "recall": 0.3712303819165461,
      "f1-score": 0.32562632677869136,
      "support": 1154.0
    },
    "weighted avg": {
      "precision": 0.5806942341727932,
      "recall": 0.5771230502599654,
      "f1-score": 0.479038372340267,
      "support": 1154.0
    }
  },
  "confusion_matrix": [
    [
      60,
      332,
      0
    ],
    [
      29,
      605,
      1
    ],
    [
      8,
      118,
      1
    ]
  ],
  "experiment_config": {
    "preprocessing_pipeline": "basic",
    "vectorization_method": "bow",
    "model_name": "random_forest",
    "use_dev_set": false,
    "use_hyperparameter_tuning": false,
    "handle_class_imbalance": false,
    "ngram_range": [
      1,
      2
    ],
    "execution_time": 5.774872064590454
  }
}