{
  "accuracy": 0.5467775467775468,
  "f1_macro": 0.4093123252740054,
  "f1_weighted": 0.5463641003803126,
  "class_report": {
    "NEG": {
      "precision": 0.41140529531568226,
      "recall": 0.42526315789473684,
      "f1-score": 0.41821946169772256,
      "support": 475.0
    },
    "NEU": {
      "precision": 0.6519274376417233,
      "recall": 0.6475225225225225,
      "f1-score": 0.6497175141242938,
      "support": 888.0
    },
    "POS": {
      "precision": 0.17142857142857143,
      "recall": 0.15,
      "f1-score": 0.16,
      "support": 80.0
    },
    "accuracy": 0.5467775467775468,
    "macro avg": {
      "precision": 0.41158710146199234,
      "recall": 0.40759522680575305,
      "f1-score": 0.4093123252740054,
      "support": 1443.0
    },
    "weighted avg": {
      "precision": 0.5461145984858524,
      "recall": 0.5467775467775468,
      "f1-score": 0.5463641003803126,
      "support": 1443.0
    }
  },
  "confusion_matrix": [
    [
      202,
      261,
      12
    ],
    [
      267,
      575,
      46
    ],
    [
      22,
      46,
      12
    ]
  ],
  "experiment_config": {
    "preprocessing_pipeline": "full",
    "vectorization_method": "bow",
    "model_name": "naive_bayes",
    "use_dev_set": true,
    "use_hyperparameter_tuning": true,
    "handle_class_imbalance": false,
    "ngram_range": [
      1,
      2
    ],
    "execution_time": 42.46178722381592
  }
}