{
  "accuracy": 0.47400346620450606,
  "f1_macro": 0.36008629033303136,
  "f1_weighted": 0.4628093591884249,
  "class_report": {
    "NEG": {
      "precision": 0.37066666666666664,
      "recall": 0.35459183673469385,
      "f1-score": 0.3624511082138201,
      "support": 392.0
    },
    "NEU": {
      "precision": 0.5650929899856938,
      "recall": 0.6220472440944882,
      "f1-score": 0.5922038980509745,
      "support": 635.0
    },
    "POS": {
      "precision": 0.1625,
      "recall": 0.10236220472440945,
      "f1-score": 0.12560386473429952,
      "support": 127.0
    },
    "accuracy": 0.47400346620450606,
    "macro avg": {
      "precision": 0.3660865522174535,
      "recall": 0.3596670951845305,
      "f1-score": 0.36008629033303136,
      "support": 1154.0
    },
    "weighted avg": {
      "precision": 0.45474253204007703,
      "recall": 0.47400346620450606,
      "f1-score": 0.4628093591884249,
      "support": 1154.0
    }
  },
  "confusion_matrix": [
    [
      139,
      224,
      29
    ],
    [
      202,
      395,
      38
    ],
    [
      34,
      80,
      13
    ]
  ],
  "experiment_config": {
    "preprocessing_pipeline": "basic",
    "vectorization_method": "bow",
    "model_name": "decision_tree",
    "use_dev_set": false,
    "use_hyperparameter_tuning": false,
    "handle_class_imbalance": false,
    "ngram_range": [
      1,
      2
    ],
    "execution_time": 2.349008083343506
  }
}