{
  "accuracy": 0.5391545391545391,
  "f1_macro": 0.3821680716937272,
  "f1_weighted": 0.535118997480999,
  "class_report": {
    "NEG": {
      "precision": 0.394273127753304,
      "recall": 0.37684210526315787,
      "f1-score": 0.38536060279870826,
      "support": 475.0
    },
    "NEU": {
      "precision": 0.6423913043478261,
      "recall": 0.6655405405405406,
      "f1-score": 0.6537610619469026,
      "support": 888.0
    },
    "POS": {
      "precision": 0.11594202898550725,
      "recall": 0.1,
      "f1-score": 0.10738255033557047,
      "support": 80.0
    },
    "accuracy": 0.5391545391545391,
    "macro avg": {
      "precision": 0.3842021536955458,
      "recall": 0.3807942152678995,
      "f1-score": 0.3821680716937272,
      "support": 1443.0
    },
    "weighted avg": {
      "precision": 0.5315305448804779,
      "recall": 0.5391545391545391,
      "f1-score": 0.535118997480999,
      "support": 1443.0
    }
  },
  "confusion_matrix": [
    [
      179,
      284,
      12
    ],
    [
      248,
      591,
      49
    ],
    [
      27,
      45,
      8
    ]
  ],
  "experiment_config": {
    "preprocessing_pipeline": "full",
    "vectorization_method": "bow",
    "model_name": "logistic_regression",
    "use_dev_set": true,
    "use_hyperparameter_tuning": true,
    "handle_class_imbalance": false,
    "ngram_range": [
      1,
      2
    ],
    "execution_time": 49.81848692893982
  }
}