{
  "accuracy": 0.5771230502599654,
  "f1_macro": 0.42948364792272337,
  "f1_weighted": 0.5577199138817137,
  "class_report": {
    "NEG": {
      "precision": 0.5063938618925832,
      "recall": 0.5051020408163265,
      "f1-score": 0.5057471264367817,
      "support": 392.0
    },
    "NEU": {
      "precision": 0.6437587657784011,
      "recall": 0.7228346456692913,
      "f1-score": 0.6810089020771514,
      "support": 635.0
    },
    "POS": {
      "precision": 0.18,
      "recall": 0.07086614173228346,
      "f1-score": 0.1016949152542373,
      "support": 127.0
    },
    "accuracy": 0.5771230502599654,
    "macro avg": {
      "precision": 0.44338420922366145,
      "recall": 0.4329342760726338,
      "f1-score": 0.42948364792272337,
      "support": 1154.0
    },
    "weighted avg": {
      "precision": 0.546059974117138,
      "recall": 0.5771230502599654,
      "f1-score": 0.5577199138817137,
      "support": 1154.0
    }
  },
  "confusion_matrix": [
    [
      198,
      176,
      18
    ],
    [
      153,
      459,
      23
    ],
    [
      40,
      78,
      9
    ]
  ],
  "experiment_config": {
    "preprocessing_pipeline": "basic",
    "vectorization_method": "bow",
    "model_name": "logistic_regression",
    "use_dev_set": false,
    "use_hyperparameter_tuning": false,
    "handle_class_imbalance": false,
    "ngram_range": [
      1,
      2
    ],
    "execution_time": 1.5425512790679932
  }
}