{
  "accuracy": 0.5814558058925476,
  "f1_macro": 0.4389251946773953,
  "f1_weighted": 0.5586863131959451,
  "class_report": {
    "NEG": {
      "precision": 0.5183098591549296,
      "recall": 0.46938775510204084,
      "f1-score": 0.4926372155287818,
      "support": 392.0
    },
    "NEU": {
      "precision": 0.6283068783068783,
      "recall": 0.7480314960629921,
      "f1-score": 0.6829618979151689,
      "support": 635.0
    },
    "POS": {
      "precision": 0.27906976744186046,
      "recall": 0.09448818897637795,
      "f1-score": 0.1411764705882353,
      "support": 127.0
    },
    "accuracy": 0.5814558058925476,
    "macro avg": {
      "precision": 0.4752288349678895,
      "recall": 0.437302480047137,
      "f1-score": 0.4389251946773953,
      "support": 1154.0
    },
    "weighted avg": {
      "precision": 0.5525079661860627,
      "recall": 0.5814558058925476,
      "f1-score": 0.5586863131959451,
      "support": 1154.0
    }
  },
  "confusion_matrix": [
    [
      184,
      199,
      9
    ],
    [
      138,
      475,
      22
    ],
    [
      33,
      82,
      12
    ]
  ],
  "experiment_config": {
    "preprocessing_pipeline": "full",
    "vectorization_method": "bow",
    "model_name": "logistic_regression",
    "use_dev_set": false,
    "use_hyperparameter_tuning": false,
    "handle_class_imbalance": false,
    "ngram_range": [
      1,
      2
    ],
    "execution_time": 32.5711727142334
  }
}