{
  "accuracy": 0.6013864818024264,
  "f1_macro": 0.376135390702442,
  "f1_weighted": 0.5358442778021182,
  "class_report": {
    "NEG": {
      "precision": 0.5845410628019324,
      "recall": 0.3086734693877551,
      "f1-score": 0.4040066777963272,
      "support": 392.0
    },
    "NEU": {
      "precision": 0.6050686378035903,
      "recall": 0.9023622047244094,
      "f1-score": 0.7243994943109987,
      "support": 635.0
    },
    "POS": {
      "precision": 0.0,
      "recall": 0.0,
      "f1-score": 0.0,
      "support": 127.0
    },
    "accuracy": 0.6013864818024264,
    "macro avg": {
      "precision": 0.39653656686850763,
      "recall": 0.4036785580373882,
      "f1-score": 0.376135390702442,
      "support": 1154.0
    },
    "weighted avg": {
      "precision": 0.5315066565196165,
      "recall": 0.6013864818024264,
      "f1-score": 0.5358442778021182,
      "support": 1154.0
    }
  },
  "confusion_matrix": [
    [
      121,
      271,
      0
    ],
    [
      62,
      573,
      0
    ],
    [
      24,
      103,
      0
    ]
  ],
  "experiment_config": {
    "preprocessing_pipeline": "basic",
    "vectorization_method": "tfidf",
    "model_name": "logistic_regression",
    "use_dev_set": false,
    "use_hyperparameter_tuning": false,
    "handle_class_imbalance": false,
    "ngram_range": [
      1,
      1
    ],
    "execution_time": 1.0100302696228027
  }
}