{
  "accuracy": 0.5589254766031195,
  "f1_macro": 0.2620760534429599,
  "f1_weighted": 0.4174808209881711,
  "class_report": {
    "NEG": {
      "precision": 0.6,
      "recall": 0.03826530612244898,
      "f1-score": 0.07194244604316546,
      "support": 392.0
    },
    "NEU": {
      "precision": 0.5580159433126661,
      "recall": 0.9921259842519685,
      "f1-score": 0.7142857142857143,
      "support": 635.0
    },
    "POS": {
      "precision": 0.0,
      "recall": 0.0,
      "f1-score": 0.0,
      "support": 127.0
    },
    "accuracy": 0.5589254766031195,
    "macro avg": {
      "precision": 0.3860053144375553,
      "recall": 0.34346376345813917,
      "f1-score": 0.2620760534429599,
      "support": 1154.0
    },
    "weighted avg": {
      "precision": 0.5108666585819264,
      "recall": 0.5589254766031195,
      "f1-score": 0.4174808209881711,
      "support": 1154.0
    }
  },
  "confusion_matrix": [
    [
      15,
      377,
      0
    ],
    [
      5,
      630,
      0
    ],
    [
      5,
      122,
      0
    ]
  ],
  "experiment_config": {
    "preprocessing_pipeline": "full",
    "vectorization_method": "bow",
    "model_name": "svm",
    "use_dev_set": false,
    "use_hyperparameter_tuning": false,
    "handle_class_imbalance": false,
    "ngram_range": [
      1,
      2
    ],
    "execution_time": 40.468921422958374
  }
}