{
  "accuracy": 0.57105719237435,
  "f1_macro": 0.35233824035855194,
  "f1_weighted": 0.5027785166025388,
  "class_report": {
    "NEG": {
      "precision": 0.532258064516129,
      "recall": 0.25255102040816324,
      "f1-score": 0.34256055363321797,
      "support": 392.0
    },
    "NEU": {
      "precision": 0.5798755186721992,
      "recall": 0.8803149606299212,
      "f1-score": 0.6991869918699187,
      "support": 635.0
    },
    "POS": {
      "precision": 0.25,
      "recall": 0.007874015748031496,
      "f1-score": 0.015267175572519083,
      "support": 127.0
    },
    "accuracy": 0.57105719237435,
    "macro avg": {
      "precision": 0.45404452772944276,
      "recall": 0.38024666559537196,
      "f1-score": 0.35233824035855194,
      "support": 1154.0
    },
    "weighted avg": {
      "precision": 0.5273969806301292,
      "recall": 0.57105719237435,
      "f1-score": 0.5027785166025388,
      "support": 1154.0
    }
  },
  "confusion_matrix": [
    [
      99,
      293,
      0
    ],
    [
      73,
      559,
      3
    ],
    [
      14,
      112,
      1
    ]
  ],
  "experiment_config": {
    "preprocessing_pipeline": "full",
    "vectorization_method": "bow",
    "model_name": "random_forest",
    "use_dev_set": false,
    "use_hyperparameter_tuning": false,
    "handle_class_imbalance": false,
    "ngram_range": [
      1,
      2
    ],
    "execution_time": 36.72137403488159
  }
}